Track Name,Artist Name,Artist Popularity,Album Release Date,Track Popularity,Danceability,Energy,Key,Loudness,Mode,Speechiness,Acousticness,Instrumentalness,Liveness,Valence,Tempo,Time Signature,Track Duration (s)
Experience,Ludovico Einaudi,77,2013-01-01,80,0.447,0.449,2,-10.634,1,0.0376,0.934,0.961,0.0697,0.036,92.468,4,315.0
Pasoori,Shae Gill,61,2022-07-02,80,0.714,0.596,11,-6.206,0,0.043,0.0657,0.0,0.0625,0.669,91.991,4,224.0
Bhalobasha Baki,Popeye Bangladesh,33,2015-01-23,45,0.662,0.225,6,-10.849,1,0.0317,0.711,0.0,0.289,0.377,145.907,4,311.0
I Can't Handle Change,Roar,69,2010-03-14,82,0.247,0.438,5,-8.478,1,0.0358,0.0447,0.000867,0.111,0.39,185.711,3,198.0
Wildest Dreams,Taylor Swift,100,2014-01-01,83,0.553,0.664,8,-7.417,1,0.0741,0.0709,0.0056,0.106,0.467,140.06,4,220.0
Blank Space,Taylor Swift,100,2014-01-01,91,0.76,0.703,5,-5.412,1,0.054,0.103,0.0,0.0913,0.57,95.997,4,232.0
Moho,Aftermath,35,2019-11-04,51,0.548,0.719,11,-5.4,1,0.0312,0.0109,0.000376,0.0866,0.368,105.025,4,265.0
Utshorgo,Aftermath,35,2021-03-14,43,0.485,0.799,1,-8.494,1,0.0401,0.00104,0.000668,0.118,0.413,137.95,4,352.0
Anmone 2,Aurthohin,33,2011-07-10,43,0.313,0.897,3,-5.781,1,0.0844,0.00367,1.16e-06,0.107,0.372,88.734,4,306.0
Neshar Bojha,Syed hassan Samin,15,2018-01-01,0,0.374,0.474,3,-6.603,1,0.039,0.409,0.0,0.0866,0.316,135.121,3,284.0
Hariye Giyechi,Arnob,43,2017-09-14,27,0.591,0.116,7,-21.625,1,0.0363,0.499,1.63e-05,0.0896,0.229,115.875,4,266.0
Apocalypse,Cigarettes After Sex,80,2017-09-06,86,0.37,0.467,5,-9.013,1,0.0273,0.0205,0.572,0.109,0.182,94.485,4,291.0
Sweet,Cigarettes After Sex,80,2017-09-06,78,0.45,0.511,6,-9.073,1,0.0276,0.353,0.766,0.139,0.115,96.563,4,292.0
Nothing's Gonna Hurt You Baby,Cigarettes After Sex,80,2012-07-21,73,0.508,0.33,4,-14.071,1,0.0265,0.259,0.154,0.114,0.101,96.818,4,286.0
Jiyein Kyun,Papon,60,2016-03-16,49,0.551,0.586,2,-6.706,1,0.0447,0.686,0.0,0.477,0.16,143.65,4,343.0
Zara Sa,Pritam,87,2008-07-03,76,0.468,0.91,11,-3.057,0,0.051,0.12,0.000304,0.271,0.694,163.842,4,304.0
Wat Wat Wat,Arijit Singh,89,2015-10-16,51,0.763,0.88,2,-6.977,1,0.186,0.0382,2.3e-05,0.186,0.951,150.041,4,298.0
Yeh Junoon,Mustafa Zahid,60,2013-12-04,44,0.407,0.72,4,-7.32,1,0.0488,0.145,0.000158,0.0806,0.157,116.188,4,292.0
Annie's Song,John Denver,68,1974-06-15,74,0.304,0.305,2,-10.879,1,0.0298,0.871,0.00368,0.367,0.464,146.066,3,181.0
Kahin To,Rashid Ali,57,2008-05-21,63,0.61,0.492,10,-7.55,1,0.0261,0.334,6.3e-06,0.0979,0.165,90.984,4,303.0
Tum Jo Aaye,Rahat Fateh Ali Khan,73,2010-06-29,66,0.574,0.841,4,-4.449,1,0.0948,0.399,1e-06,0.205,0.927,83.706,4,286.0
Phir Se Ud Chala,Mohit Chauhan,74,2011-01-10,69,0.647,0.656,11,-8.632,1,0.0354,0.657,0.000163,0.343,0.453,119.965,4,269.0
Hallelujah,Leonard Cohen,63,1984-11-12,66,0.28,0.344,0,-12.577,1,0.0293,0.715,0.00642,0.133,0.232,171.143,3,277.0
Pehli Nazar Mein,Atif Aslam,76,2008-03-21,70,0.488,0.57,9,-5.602,1,0.0775,0.251,0.0,0.107,0.668,169.702,4,313.0
Shorolotar Protima,Rafsun,26,2021-09-24,41,0.501,0.0872,5,-17.44,1,0.0336,0.947,0.0,0.342,0.482,135.428,4,275.0
Utshorgo,Tasnif Zaman,0,2012-07-11,0,0.577,0.592,5,-5.926,1,0.0321,0.564,0.0,0.383,0.279,123.993,4,286.0
Obosthan,HIGHWAY,36,2016-08-17,51,0.667,0.255,3,-14.011,1,0.036,0.706,1.16e-06,0.0948,0.165,129.922,4,304.0
60's Love,Level Five,34,2018-09-11,50,0.461,0.552,6,-6.527,0,0.0279,0.0204,0.0175,0.184,0.391,136.017,4,323.0
Infinity,Jaymes Young,69,2017-06-23,85,0.671,0.673,11,-6.941,0,0.0444,0.148,5.29e-05,0.304,0.494,121.963,4,238.0
Runaway,AURORA,72,2016-11-03,80,0.422,0.302,11,-9.214,1,0.0372,0.629,7.83e-05,0.104,0.123,114.089,4,249.0
Bose Aachhi (Bose Aachhi Eka),Warfaze,36,2012-04-26,39,0.431,0.88,7,-6.314,1,0.0507,0.000507,0.000613,0.333,0.518,136.924,4,400.0
Shadow,Chromatics,52,2017-05-19,54,0.591,0.539,11,-9.367,0,0.0266,0.012,0.588,0.29,0.551,106.605,4,225.0
Space Song,Beach House,72,2015-08-28,77,0.509,0.79,0,-7.105,0,0.0293,0.218,0.125,0.144,0.625,147.073,4,320.0
After Dark,Mr.Kitty,68,2014-06-10,86,0.585,0.595,8,-10.444,1,0.0328,0.0696,0.266,0.0837,0.039,140.037,4,259.0
Mystery of Love,Sufjan Stevens,70,2017-01-12,74,0.365,0.273,4,-16.526,0,0.038,0.94,0.431,0.109,0.238,132.285,5,249.0
Kun Faya Kun,A.R. Rahman,80,2011-01-10,70,0.362,0.378,1,-11.008,1,0.0329,0.679,0.0,0.091,0.575,87.549,4,470.0
Do Ya Wanna Taste It,Wig Wam,45,2010-01-22,63,0.559,0.793,2,-3.536,0,0.028,0.0191,0.0,0.394,0.69,92.034,4,177.0
Wish You Were Here,Pink Floyd,79,1975-12-09,79,0.481,0.262,7,-15.73,1,0.0414,0.735,0.0114,0.832,0.375,122.861,4,335.0
Pyro,Kings of Leon,74,2010-10-15,59,0.365,0.606,1,-7.174,0,0.0415,0.00757,0.052,0.103,0.191,114.995,4,251.0
Coming Back to Life,Pink Floyd,79,1994-01-01,61,0.287,0.499,0,-11.094,1,0.0437,0.464,0.000652,0.102,0.142,176.437,4,379.0
Chop Suey!,System Of A Down,79,2001-04-09,87,0.417,0.934,7,-3.908,0,0.119,0.000278,0.0015,0.132,0.287,127.066,4,210.0
"Tears in Heaven - Acoustic; Live at MTV Unplugged, Bray Film Studios, Windsor, England, UK, 1/16/1992; 2013 Remaster",Eric Clapton,71,1992-08-25,7,0.695,0.336,9,-12.999,1,0.0313,0.8,0.00264,0.701,0.422,79.109,4,280.0
Highway to Hell,AC/DC,81,1979-07-27,88,0.574,0.913,6,-4.793,0,0.133,0.061,0.00158,0.156,0.423,115.728,4,208.0
Smells Like Teen Spirit - Remastered,Nirvana,81,1991-09-24,59,0.489,0.918,1,-4.502,1,0.0554,3.53e-05,7.64e-05,0.0908,0.691,116.731,4,301.0
Faint,Linkin Park,85,2003-03-24,82,0.554,0.978,4,-3.554,1,0.131,0.111,0.0,0.0731,0.594,135.095,4,163.0
It's My Life,Bon Jovi,77,2000-01-01,83,0.551,0.913,0,-4.063,0,0.0466,0.0263,1.35e-05,0.347,0.544,119.992,4,224.0
MONTERO (Call Me By Your Name),Lil Nas X,78,2021-09-17,83,0.593,0.503,8,-6.725,0,0.22,0.293,0.0,0.405,0.71,178.781,4,138.0
Young Dumb & Broke,Khalid,84,2017-04-27,83,0.799,0.539,1,-6.351,1,0.0421,0.199,1.66e-05,0.165,0.394,136.948,4,203.0
Dusk Till Dawn (feat. Sia) - Radio Edit,ZAYN,75,2018-12-14,82,0.259,0.437,11,-6.589,0,0.0386,0.102,1.32e-06,0.106,0.0951,180.042,4,239.0
Stereo Hearts (feat. Adam Levine),Gym Class Heroes,68,2011-11-11,84,0.646,0.795,9,-3.293,1,0.0976,0.0319,0.0,0.267,0.796,89.99,4,211.0
STAY (with Justin Bieber),The Kid LAROI,79,2021-07-23,35,0.591,0.764,1,-5.484,1,0.0483,0.0383,0.0,0.103,0.478,169.928,4,142.0
Locked Away (feat. Adam Levine),R. City,62,2015-09-10,82,0.509,0.671,1,-5.709,1,0.0678,0.304,0.0,0.0452,0.55,118.413,5,227.0
Wolves,Selena Gomez,84,2017-10-25,82,0.724,0.804,11,-4.614,0,0.0448,0.124,0.0,0.204,0.306,124.987,4,198.0
Play Date,Melanie Martinez,82,2015-08-14,81,0.68,0.729,5,-5.077,1,0.0475,0.612,0.0,0.224,0.446,123.97,4,180.0
Starboy,The Weeknd,95,2016-11-25,94,0.679,0.587,7,-7.015,1,0.276,0.141,6.35e-06,0.137,0.486,186.003,4,230.0
They Don't Care About Us,Michael Jackson,82,1995-06-16,76,0.859,0.905,0,-5.539,0,0.129,0.205,0.00837,0.322,0.731,89.946,4,284.0
Counting Stars,OneRepublic,83,2013-01-01,88,0.664,0.705,1,-4.972,0,0.0382,0.0654,0.0,0.118,0.477,122.016,4,257.0
Blinding Lights,The Weeknd,95,2020-03-20,93,0.514,0.73,1,-5.934,1,0.0598,0.00146,9.54e-05,0.0897,0.334,171.005,4,200.0
Wake Me Up,Avicii,81,2013-01-01,89,0.532,0.783,2,-5.697,1,0.0523,0.0038,0.0012,0.161,0.643,124.08,4,247.0
Cheap Thrills,Sia,83,2016-01-29,82,0.628,0.698,6,-5.608,0,0.105,0.0472,0.00143,0.0907,0.732,89.976,4,212.0
Life Goes On,Oliver Tree,75,2021-05-28,78,0.7,0.49,0,-5.187,1,0.076,0.186,0.0,0.117,0.569,79.982,4,162.0
Titanium (feat. Sia),David Guetta,88,2011-08-24,73,0.604,0.788,0,-3.673,0,0.103,0.0678,0.153,0.127,0.301,126.06,4,245.0
It Ain't Me (with Selena Gomez),Kygo,79,2017-02-16,80,0.64,0.533,0,-6.596,1,0.0706,0.119,0.0,0.0864,0.515,99.968,4,221.0
Something Just Like This,The Chainsmokers,80,2017-07-04,88,0.617,0.635,11,-6.769,0,0.0317,0.0498,1.44e-05,0.164,0.446,103.019,4,247.0
In Your Eyes,The Weeknd,95,2020-03-20,81,0.667,0.719,7,-5.371,0,0.0346,0.00285,8.1e-05,0.0736,0.717,100.021,4,238.0
GhorGari,HIGHWAY,36,2018-02-03,48,0.216,0.411,2,-10.736,1,0.043,0.117,0.00117,0.0628,0.0536,160.001,4,382.0
Na Pawar Golpo,Encore,34,2016-04-20,42,0.608,0.509,1,-6.442,0,0.0236,0.37,1.17e-05,0.136,0.157,100.022,4,302.0
Amar Jaan,Dameer,28,2021-02-26,37,0.399,0.634,4,-6.697,1,0.0494,0.421,5.37e-06,0.259,0.387,180.039,3,145.0
Bedona,Shunno,37,2008-04-15,44,0.635,0.73,11,-5.982,1,0.0379,0.0441,5.48e-06,0.0653,0.816,119.921,4,250.0
Ami Akash Pathabo,AvoidRafa,35,2016-01-05,50,0.618,0.616,6,-9.26,1,0.037,0.286,2.77e-05,0.13,0.451,130.128,4,244.0
Joto Dure (Chup Chap Chari Dik),Warfaze,36,2012-04-26,32,0.364,0.726,7,-6.953,1,0.0347,0.00491,0.000697,0.319,0.346,134.945,4,359.0
Eka Beche Thakte Shekho Priyo,Aseer Arman,20,2020-01-07,38,0.338,0.224,3,-11.187,1,0.0334,0.878,0.0,0.11,0.386,72.522,4,394.0
Can I Call You Tonight?,Dayglow,66,2019-11-14,10,0.641,0.842,9,-7.27,1,0.0292,0.132,0.91,0.419,0.5,129.98,4,279.0
Crush,Cigarettes After Sex,80,2018-10-07,66,0.401,0.505,5,-8.574,1,0.0252,0.0869,0.779,0.11,0.287,97.796,4,267.0
Aabaad Barbaad,Pritam,87,2020-11-13,71,0.626,0.522,7,-5.857,1,0.0317,0.686,0.0,0.41,0.628,118.001,4,309.0
Tomar Jonno,Arnob,43,2017-01-02,47,0.655,0.563,6,-5.647,0,0.0445,0.297,0.000415,0.105,0.619,82.056,4,276.0
D r i v e F o r e v e r,Nightshift TV,35,2021-05-22,0,0.763,0.454,8,-11.402,1,0.0632,0.217,0.869,0.128,0.337,91.698,4,546.0
"The Ecstasy of Gold (From ""The Good, The Bad and the Ugly"") - Live",Ennio Morricone,65,2018-11-23,38,0.267,0.318,9,-13.839,0,0.0382,0.7,0.904,0.162,0.117,117.12,4,358.0
Ankahee,Amitabh Bhattacharya,81,2013-05-29,47,0.48,0.379,9,-10.934,1,0.0277,0.744,0.000125,0.079,0.303,94.891,4,275.0
Shikayatein,Mohan Kannan,50,2013-05-29,44,0.237,0.423,7,-8.874,1,0.0304,0.329,0.00022,0.148,0.154,78.05,4,270.0
Zinda,Amit Trivedi,69,2013-05-29,60,0.493,0.418,9,-9.693,1,0.0261,0.436,0.102,0.104,0.22,89.982,4,242.0
Somebody That I Used To Know,Gotye,67,2011-01-01,82,0.865,0.521,0,-6.932,1,0.0371,0.548,0.000115,0.0989,0.748,129.059,4,245.0
Snow (Hey Oh),Red Hot Chili Peppers,82,2006-09-05,82,0.427,0.9,11,-3.674,1,0.0499,0.116,1.75e-05,0.119,0.599,104.655,4,335.0
Heavenly,Cigarettes After Sex,80,2019-10-25,72,0.539,0.431,8,-9.298,1,0.0249,0.628,0.653,0.11,0.122,105.156,4,289.0
"Channa Mereya (From ""Ae Dil Hai Mushkil"")",Pritam,87,2016-10-26,75,0.476,0.788,9,-4.821,0,0.0446,0.237,2.49e-05,0.106,0.746,90.066,4,289.0
Dil Kyun Yeh Mera,KK,76,2010-03-29,65,0.486,0.382,6,-6.183,1,0.0286,0.613,8.56e-05,0.149,0.164,125.918,3,333.0
Tu Jaane Na,Atif Aslam,76,2009-06-11,71,0.702,0.86,7,-3.969,1,0.0345,0.361,1.33e-06,0.133,0.829,120.042,4,342.0
Tere Bin Nahi Laage (Male Version),Uzair Jaswal,42,2015-10-03,63,0.294,0.577,6,-5.952,1,0.0298,0.623,0.0,0.16,0.429,83.171,4,222.0
Tera Hone Laga Hoon,Atif Aslam,76,2009-06-11,76,0.684,0.771,8,-5.353,1,0.0307,0.548,0.0,0.112,0.539,119.982,4,300.0
Tum Se Hi,Pritam,87,2007-09-21,80,0.609,0.538,6,-7.842,1,0.0273,0.328,0.0,0.125,0.608,130.015,4,321.0
Tum Ho,Mohit Chauhan,74,2011-01-10,68,0.356,0.47,5,-8.929,1,0.0278,0.518,1e-05,0.0807,0.167,93.895,4,316.0
Hookah Bar,Himesh Reshammiya,66,2012-10-30,72,0.73,0.656,11,-5.07,1,0.0294,0.00797,0.00271,0.108,0.743,131.04,4,254.0
"Ranjha (From ""Shershaah"")",Jasleen Royal,66,2021-05-08,80,0.603,0.573,1,-5.843,1,0.0502,0.478,0.0,0.0971,0.236,82.941,4,229.0
Majhe Majhe Tabo Dekha Pai,Arnob,43,2017-08-01,41,0.581,0.528,3,-8.808,1,0.0434,0.483,0.0,0.0867,0.546,139.932,3,364.0
Hey Ya !,Clinton Cerejo,59,2010-01-18,62,0.799,0.588,7,-9.136,0,0.0302,0.184,2.68e-05,0.0788,0.789,115.087,4,255.0
Bahara,Vishal-Shekhar,76,2010-05-25,67,0.595,0.739,5,-6.733,1,0.0359,0.0716,6.98e-06,0.134,0.722,87.834,4,326.0
Ransom,Lil Tecca,76,2019-08-30,83,0.745,0.642,7,-6.257,0,0.287,0.0204,0.0,0.0658,0.226,179.974,4,131.0
ROCKSTAR (feat. Roddy Ricch),DaBaby,81,2020-04-17,81,0.746,0.69,11,-7.956,1,0.164,0.247,0.0,0.101,0.497,89.977,4,182.0
rockstar (feat. 21 Savage),Post Malone,88,2018-04-27,87,0.585,0.52,5,-6.136,0,0.0712,0.124,7.01e-05,0.131,0.129,159.801,4,218.0
Gangsta's Paradise,Coolio,69,1995-07-11,89,0.647,0.514,8,-10.05,1,0.0593,0.0655,0.0,0.398,0.386,79.975,4,241.0
Bohemian Rhapsody - Remastered 2011,Queen,84,1975-11-21,84,0.414,0.404,0,-9.928,0,0.0499,0.271,0.0,0.3,0.224,71.105,4,354.0
High Hopes,Kodaline,68,2013-06-17,70,0.488,0.487,4,-6.371,1,0.0305,0.577,0.0,0.193,0.219,77.278,4,230.0
Story of My Life,One Direction,85,2013-11-25,86,0.6,0.663,3,-5.802,1,0.0477,0.225,0.0,0.119,0.286,121.07,4,245.0
The Perfect Girl - (Instrumental) [Slowed],Mareux,65,2022-08-04,56,0.548,0.897,8,-6.019,0,0.0615,0.00387,0.537,0.121,0.147,115.393,4,217.0
XO Tour Llif3,Lil Uzi Vert,86,2017-08-25,84,0.732,0.75,11,-6.366,0,0.231,0.00264,0.0,0.109,0.401,155.096,4,183.0
INDUSTRY BABY (feat. Jack Harlow),Lil Nas X,78,2021-07-23,84,0.736,0.704,3,-7.409,0,0.0615,0.0203,0.0,0.0501,0.894,149.995,4,212.0
Kabira,Pritam,87,2013-03-30,80,0.59,0.555,2,-6.861,1,0.0271,0.481,0.0,0.192,0.191,84.027,4,223.0
This Modern Love,Bloc Party,60,2005-02-02,56,0.45,0.941,0,-5.338,1,0.0369,0.00223,0.00732,0.129,0.255,159.991,4,266.0
Mr. Blue Sky,Electric Light Orchestra,71,1977-01-01,84,0.388,0.338,10,-10.054,1,0.0329,0.652,3.73e-06,0.248,0.478,177.765,4,303.0
Sympathy For The Devil,Mick Jagger,55,1989-08-15,67,0.728,0.681,9,-10.943,1,0.221,0.61,0.0,0.0559,0.578,115.944,4,377.0
What's My Age Again?,blink-182,77,1999-01-06,83,0.391,0.951,6,-7.419,1,0.0692,0.0126,0.000378,0.0878,0.468,157.66,4,148.0
Blue,Mai Yamane,36,1999-01-05,39,0.419,0.599,8,-8.005,1,0.0376,0.0673,0.356,0.0682,0.23,144.982,3,305.0
Excuses,AP Dhillon,76,2020-07-24,82,0.837,0.717,5,-7.749,0,0.0822,0.0842,0.0,0.149,0.494,94.984,4,176.0
Tu Aake Dekhle,King,73,2020-09-21,83,0.77,0.84,11,-4.022,1,0.107,0.515,0.00452,0.145,0.192,96.012,4,270.0
Pee Loon,Mohit Chauhan,74,2010-06-29,71,0.656,0.721,8,-5.064,1,0.0364,0.277,0.000139,0.188,0.883,83.95,4,286.0
Hurt,Nine Inch Nails,65,1994-08-03,58,0.566,0.124,11,-18.166,0,0.0431,0.709,0.0104,0.132,0.11,79.924,4,374.0
Starry Eyes,Cigarettes After Sex,80,2012-07-21,65,0.419,0.362,2,-15.32,1,0.0337,0.453,0.335,0.0687,0.114,100.264,4,206.0
Chaand Baaliyan,Aditya A,63,2020-03-28,82,0.729,0.396,0,-8.98,1,0.0359,0.796,0.0,0.104,0.886,97.281,4,103.0
Udd Gaye,Ritviz,61,2019-01-07,69,0.595,0.817,11,-6.187,0,0.0474,0.000712,0.0386,0.142,0.483,144.961,4,180.0
Your Love Is My Drug (8 Bit Slowed),just valery,46,2021-01-07,1,0.358,0.0968,6,-9.243,1,0.0323,0.524,0.87,0.38,0.212,130.051,4,113.0
Levitating,Dua Lipa,87,2020-03-27,85,0.695,0.884,6,-2.278,0,0.0753,0.0561,0.0,0.213,0.914,103.014,4,204.0
What Makes You Beautiful,One Direction,85,2012-05-25,88,0.726,0.787,4,-2.494,1,0.0737,0.009,0.0,0.0596,0.888,124.99,4,200.0
Steal My Girl,One Direction,85,2014-11-17,83,0.536,0.768,10,-5.948,0,0.0347,0.00433,0.0,0.114,0.545,77.217,4,228.0
Drag Me Down,One Direction,85,2015-11-13,82,0.73,0.703,0,-5.672,0,0.0369,0.109,0.0,0.0657,0.595,138.113,4,192.0
Little Things,One Direction,85,2012-09-11,1,0.707,0.222,7,-11.716,1,0.0329,0.788,0.0,0.205,0.556,110.095,4,220.0
Perfect,One Direction,85,2015-11-13,83,0.647,0.823,2,-5.231,1,0.0762,0.0598,0.0,0.119,0.396,99.933,4,230.0
One Thing,One Direction,85,2012-05-25,77,0.713,0.718,2,-3.806,1,0.0278,0.00233,0.0,0.0838,0.656,126.999,4,198.0
You & I,One Direction,85,2013-11-25,79,0.574,0.329,1,-6.829,1,0.0274,0.22,0.0,0.0986,0.356,130.993,4,238.0
Night Changes,One Direction,85,2014-11-17,91,0.672,0.52,8,-7.747,1,0.0353,0.859,0.0,0.115,0.37,120.001,4,227.0
Strong,One Direction,85,2013-11-25,81,0.741,0.663,0,-7.308,1,0.0434,0.0608,0.0,0.0931,0.338,115.013,4,184.0
Fireproof,One Direction,85,2014-11-17,70,0.681,0.864,3,-3.276,1,0.0301,0.00477,0.0,0.122,0.921,132.929,4,174.0
Right Now,One Direction,85,2013-11-25,85,0.645,0.78,8,-5.165,1,0.0319,0.218,0.0,0.0919,0.372,120.008,4,200.0
Shape of You,Ed Sheeran,90,2017-03-03,90,0.825,0.652,1,-3.183,0,0.0802,0.581,0.0,0.0931,0.931,95.977,4,234.0
Just the Way You Are,Bruno Mars,87,2010-05-10,82,0.635,0.841,5,-5.379,1,0.0422,0.0134,0.0,0.0622,0.424,109.021,4,221.0
Someone Like You,Adele,85,2011-01-19,2,0.554,0.321,9,-8.251,1,0.028,0.893,0.0,0.0996,0.288,135.047,4,285.0
Paris,The Chainsmokers,80,2017-07-04,78,0.653,0.658,2,-6.428,1,0.0304,0.0215,1.66e-06,0.0939,0.219,99.99,4,222.0
bad guy,Billie Eilish,87,2019-03-29,85,0.701,0.425,7,-10.965,1,0.375,0.328,0.13,0.1,0.562,135.128,4,194.0
"Love Me Like You Do - From ""Fifty Shades Of Grey""",Ellie Goulding,81,2015-07-01,0,0.258,0.631,5,-6.617,0,0.0541,0.281,0.0,0.127,0.266,189.583,4,253.0
The Nights,Avicii,81,2014-01-01,89,0.527,0.835,6,-5.298,1,0.0433,0.0166,0.0,0.249,0.654,125.983,4,177.0
Hymn for the Weekend,Coldplay,88,2015-04-12,87,0.491,0.693,0,-6.487,0,0.0377,0.211,6.92e-06,0.325,0.412,90.027,4,258.0
Payphone,Maroon 5,85,2012-01-01,86,0.743,0.752,4,-4.813,1,0.0414,0.0188,0.0,0.287,0.545,110.015,4,231.0
Lucid Dreams,Juice WRLD,88,2018-05-23,0,0.511,0.566,6,-7.23,0,0.2,0.349,0.0,0.34,0.218,83.903,4,240.0
Sunflower - Spider-Man: Into the Spider-Verse,Post Malone,88,2019-06-09,87,0.755,0.522,2,-4.368,1,0.0575,0.533,0.0,0.0685,0.925,89.96,4,158.0
SAD!,XXXTENTACION,86,2018-03-16,84,0.74,0.613,8,-4.88,1,0.145,0.258,0.00372,0.123,0.473,75.023,4,167.0
Paradise,Coldplay,88,2011-10-24,87,0.449,0.585,5,-6.761,1,0.0268,0.0509,8.75e-05,0.0833,0.212,139.631,4,279.0
Silence,Marshmello,83,2017-11-08,83,0.52,0.761,4,-3.093,1,0.0853,0.256,4.96e-06,0.17,0.286,141.971,4,181.0
Bad Liar,Imagine Dragons,87,2018-09-11,83,0.383,0.637,3,-6.993,1,0.0703,0.0722,0.0,0.368,0.0827,177.913,4,261.0
Stressed Out,Twenty One Pilots,79,2015-05-15,88,0.734,0.637,4,-5.677,0,0.141,0.0462,2.29e-05,0.0602,0.648,169.977,4,202.0
Waiting For Love,Avicii,81,2015-02-10,85,0.579,0.736,6,-3.863,0,0.0527,0.31,0.0,0.198,0.613,127.999,4,231.0
Blank Space,Taylor Swift,100,2014-01-01,70,0.752,0.678,5,-5.421,1,0.0646,0.085,1.64e-06,0.13,0.583,96.009,4,232.0
Riptide,Vance Joy,75,2014-08-09,86,0.484,0.731,1,-6.694,1,0.0379,0.431,0.0,0.151,0.51,101.654,4,204.0
Ride,Twenty One Pilots,79,2015-05-15,85,0.645,0.713,6,-5.355,1,0.0393,0.00835,0.0,0.113,0.566,74.989,4,215.0
Alone,Alan Walker,81,2016-02-12,65,0.676,0.929,10,-3.194,1,0.0458,0.186,0.000405,0.121,0.157,97.019,4,161.0
Memories,Maroon 5,85,2019-09-20,31,0.764,0.32,11,-7.209,1,0.0546,0.837,0.0,0.0822,0.575,91.019,4,189.0
All I Want,Kodaline,68,2013-08-10,0,0.209,0.412,0,-9.733,1,0.0443,0.172,0.15,0.0843,0.162,86.26,3,306.0
Baby,Justin Bieber,89,2010-01-01,84,0.728,0.859,5,-5.237,0,0.137,0.0401,0.0,0.111,0.535,65.043,4,214.0
Something Just Like This,The Chainsmokers,80,2017-02-22,77,0.607,0.649,11,-6.695,0,0.0362,0.0306,2.46e-05,0.174,0.505,102.996,4,248.0
The Hills,The Weeknd,95,2015-08-28,89,0.585,0.564,0,-7.063,0,0.0515,0.0671,0.0,0.135,0.137,113.003,4,242.0
Believer,Imagine Dragons,87,2017-06-23,91,0.776,0.78,10,-4.374,0,0.128,0.0622,0.0,0.081,0.666,124.949,4,204.0
Pompeii,Bastille,74,2013-01-01,79,0.679,0.715,9,-6.383,1,0.0407,0.0755,0.0,0.271,0.571,127.435,4,214.0
The One That Got Away,Katy Perry,83,2010-08-24,79,0.691,0.795,1,-4.021,0,0.0355,0.000812,1.02e-06,0.156,0.876,133.971,4,227.0
Grenade,Bruno Mars,87,2010-05-10,81,0.704,0.558,2,-7.273,0,0.0542,0.148,0.0,0.107,0.245,110.444,4,222.0
Summer,Calvin Harris,86,2014-10-31,86,0.596,0.856,4,-3.556,0,0.0346,0.0211,0.0178,0.141,0.743,127.949,4,223.0
Without Me,Halsey,83,2018-04-10,78,0.752,0.488,6,-7.05,1,0.0705,0.297,9.11e-06,0.0936,0.533,136.041,4,202.0
FRIENDS,Marshmello,83,2018-09-02,80,0.626,0.88,9,-2.384,0,0.0504,0.205,0.0,0.128,0.534,95.079,4,203.0
Call Out My Name,The Weeknd,95,2018-03-30,89,0.461,0.593,1,-4.954,1,0.0356,0.17,0.0,0.307,0.175,134.17,3,228.0
See You Again (feat. Charlie Puth),Wiz Khalifa,81,2015-01-01,86,0.689,0.481,10,-7.503,1,0.0815,0.369,1.03e-06,0.0649,0.283,80.025,4,230.0
God's Plan,Drake,95,2018-06-29,88,0.754,0.449,7,-9.211,1,0.109,0.0332,8.29e-05,0.552,0.357,77.169,4,199.0
Closer,The Chainsmokers,80,2016-07-29,87,0.748,0.524,8,-5.599,1,0.0338,0.414,0.0,0.111,0.661,95.01,4,245.0
Whatever It Takes,Imagine Dragons,87,2017-06-23,84,0.672,0.655,10,-5.021,0,0.0311,0.0362,0.0,0.117,0.556,134.945,4,201.0
Let Me Love You,DJ Snake,77,2016-05-08,87,0.649,0.716,8,-5.371,1,0.0349,0.0863,2.63e-05,0.135,0.163,99.988,4,206.0
Let Her Go,Passenger,70,2012-05-11,11,0.509,0.538,7,-7.335,1,0.0572,0.385,0.0,0.104,0.244,75.089,4,253.0
Hall of Fame (feat. will.i.am),The Script,72,2012-10-09,83,0.421,0.873,10,-4.343,1,0.0564,0.0654,0.0,0.123,0.629,84.786,4,203.0
Beautiful People (feat. Khalid),Ed Sheeran,90,2019-06-28,76,0.64,0.648,5,-8.113,0,0.187,0.124,0.0,0.0802,0.548,92.977,4,198.0
Faded,Alan Walker,81,2015-04-12,4,0.589,0.651,6,-5.097,1,0.0306,0.0291,3.2e-06,0.111,0.166,90.011,4,213.0
7 Years,Lukas Graham,70,2015-06-16,54,0.742,0.479,10,-5.83,1,0.0551,0.29,0.0,0.391,0.346,119.951,4,237.0
Pumped Up Kicks,Foster The People,71,2012-01-01,0,0.727,0.731,10,-5.359,0,0.0294,0.132,0.139,0.157,0.964,127.98,4,233.0
Fireflies,Owl City,68,2009-01-01,81,0.512,0.662,3,-6.797,1,0.0439,0.0275,0.0,0.118,0.472,180.114,4,228.0
One More Night,Maroon 5,85,2012-01-01,79,0.716,0.821,5,-3.435,0,0.0314,0.0558,0.0,0.0844,0.618,92.997,4,220.0
Somebody Else,The 1975,78,2016-02-26,77,0.618,0.793,0,-5.711,1,0.0601,0.204,0.0154,0.126,0.459,101.015,4,348.0
Thunder,Imagine Dragons,87,2017-06-23,89,0.605,0.822,0,-4.833,1,0.0438,0.00671,0.134,0.147,0.288,167.997,4,187.0
Perfect,Ed Sheeran,90,2017-03-03,91,0.599,0.448,8,-6.312,1,0.0232,0.163,0.0,0.106,0.168,95.05,3,263.0
Bank Account,21 Savage,90,2017-09-23,6,0.884,0.347,8,-8.227,0,0.35,0.015,7e-06,0.0871,0.376,75.016,4,220.0
Stereo Hearts (feat. Adam Levine),Gym Class Heroes,68,2011-06-14,59,0.646,0.795,9,-3.293,1,0.0976,0.0319,0.0,0.267,0.796,89.99,4,211.0
Circles,Post Malone,88,2019-06-09,89,0.695,0.762,0,-3.497,1,0.0395,0.192,0.00244,0.0863,0.553,120.042,4,215.0
Sunflower - Spider-Man: Into the Spider-Verse,Post Malone,88,2018-12-14,90,0.76,0.479,2,-5.574,1,0.0466,0.556,0.0,0.0703,0.913,89.911,4,158.0
Happier,Marshmello,83,2018-08-17,85,0.687,0.792,5,-2.749,1,0.0452,0.191,0.0,0.167,0.671,100.015,4,214.0
Another One Bites The Dust - Remastered 2011,Queen,84,1980-06-27,84,0.933,0.528,5,-6.472,0,0.161,0.112,0.312,0.163,0.754,109.967,4,215.0
Under Pressure - Remastered 2011,Queen,84,1982-03-05,83,0.671,0.712,2,-7.815,1,0.0476,0.429,0.0,0.103,0.462,113.805,4,248.0
We Will Rock You - Remastered 2011,Queen,84,1977-10-28,82,0.692,0.497,2,-7.316,1,0.119,0.676,0.0,0.259,0.475,81.308,4,122.0
Don't Stop Me Now - Remastered 2011,Queen,84,1978-10-11,85,0.559,0.868,5,-5.276,1,0.17,0.0475,0.000176,0.776,0.609,156.295,4,209.0
Killer Queen,Queen,84,2018-10-19,70,0.526,0.64,10,-6.374,1,0.0472,0.365,1.3e-06,0.0958,0.622,117.132,4,179.0
Little Dark Age,MGMT,73,2018-09-02,83,0.705,0.712,6,-6.156,1,0.0385,0.0102,0.000855,0.1,0.62,97.512,4,300.0
Mystery of Love,Sufjan Stevens,70,2017-03-11,70,0.365,0.273,4,-16.526,0,0.038,0.94,0.431,0.109,0.238,132.285,5,249.0
Raabta,Pritam,87,2012-02-24,79,0.657,0.581,0,-8.108,1,0.0298,0.699,1.82e-05,0.116,0.323,118.037,4,244.0
The Good Part,AJR,73,2017-06-30,66,0.287,0.473,5,-3.551,1,0.034,0.0858,4.4e-05,0.383,0.577,186.283,4,227.0
Spirits,The Strumbellas,55,2016-04-22,6,0.556,0.658,0,-6.075,1,0.0265,0.164,0.0,0.113,0.787,80.529,4,204.0
Kiss It Off Me,Cigarettes After Sex,80,2019-10-25,66,0.521,0.298,4,-12.474,1,0.026,0.754,0.46,0.11,0.232,80.388,4,270.0
Eenie Meenie,Sean Kingston,69,2010-03-23,78,0.72,0.607,1,-4.168,1,0.0322,0.0543,0.0,0.113,0.828,121.223,4,202.0
In This Shirt,The Irrepressibles,58,2010-01-10,76,0.293,0.394,9,-9.581,1,0.0299,0.691,0.382,0.157,0.0384,80.168,4,335.0
Can We Kiss Forever?,Kina,66,2018-08-31,78,0.522,0.128,4,-18.717,1,0.0357,0.894,0.026,0.0941,0.124,109.986,4,188.0
Saware,Pritam,87,2015-07-31,70,0.499,0.683,6,-6.373,0,0.0334,0.703,0.00161,0.0749,0.295,134.95,4,322.0
You're Somebody Else,flora cash,58,2018-06-19,74,0.713,0.452,1,-9.638,1,0.0295,0.841,0.0038,0.105,0.235,102.963,4,219.0
Praise The Lord (Da Shine) (feat. Skepta),A$AP Rocky,83,2018-05-25,85,0.854,0.569,5,-8.151,0,0.106,0.0609,0.0816,0.1,0.294,80.015,4,205.0
Stay with me soft bass boost - Remix,Lilorx,1,2021-07-20,0,0.768,0.757,8,-8.9,1,0.333,0.381,0.62,0.419,0.321,95.025,4,118.0
You Know How We Do It,Ice Cube,75,1993-07-12,82,0.747,0.52,10,-10.523,0,0.0357,0.0977,0.0537,0.142,0.601,92.869,4,233.0
Can You Feel My Heart,Bring Me The Horizon,78,2013-01-04,82,0.15,0.859,4,-2.827,0,0.0595,0.00201,0.194,0.387,0.354,170.527,5,228.0
Until I Found You,Stephen Sanchez,77,2021-01-09,87,0.539,0.508,10,-6.05,1,0.0288,0.727,0.0,0.174,0.227,101.358,3,178.0
From a Logical Point of View,Jensen Ackles,35,2022-08-07,39,0.801,0.343,7,-13.972,1,0.131,0.813,0.0,0.195,0.941,147.054,4,178.0
Ontario,Novo Amor,71,2017-10-11,73,0.409,0.223,10,-13.886,1,0.0296,0.947,0.0123,0.0635,0.173,89.877,4,193.0
I'm Never Enough,Ghostyboy,28,2021-09-13,47,0.324,0.479,2,-12.059,1,0.0357,0.638,0.00891,0.154,0.406,104.077,4,135.0
Nothing's Gonna Stop Us Now,Starship,65,1987-07-27,81,0.643,0.802,6,-4.92,1,0.0227,0.0299,0.0,0.0719,0.53,95.99,4,270.0
Bhober Pagol,Nigar Sumi,24,2022-04-05,0,0.544,0.894,2,-3.552,0,0.269,0.065,1.31e-06,0.0942,0.49,169.977,4,322.0
Beni Khuley,Muza,44,2022-07-21,56,0.511,0.566,8,-4.064,1,0.102,0.227,0.0,0.116,0.82,102.29,4,179.0
E Hawa,Meghdol,35,2022-07-19,50,0.271,0.192,8,-14.925,1,0.0342,0.815,0.0128,0.113,0.188,126.643,3,354.0
GFY,Dennis Lloyd,66,2019-05-04,59,0.634,0.676,10,-7.862,0,0.226,0.131,0.0,0.119,0.358,137.139,4,187.0
Plain Jane,A$AP Ferg,71,2017-08-18,77,0.797,0.844,11,-5.482,1,0.275,0.0651,0.0,0.087,0.52,170.142,4,174.0
Gul,Anuv Jain,66,2021-07-16,75,0.6,0.294,6,-12.301,1,0.0292,0.871,8.66e-05,0.102,0.342,86.97,4,217.0
HIGHEST IN THE ROOM,Travis Scott,89,2019-04-10,86,0.598,0.427,7,-8.764,0,0.0317,0.0546,5.83e-06,0.21,0.0605,76.469,4,176.0
As It Was,Harry Styles,88,2022-03-31,93,0.52,0.731,6,-5.338,0,0.0557,0.342,0.00101,0.311,0.662,173.93,4,167.0
After Hours,The Weeknd,95,2020-03-20,88,0.664,0.572,5,-6.099,0,0.0305,0.0811,0.00604,0.121,0.143,108.959,4,361.0
Make You Mine,PUBLIC,58,2019-09-08,78,0.606,0.799,9,-4.452,1,0.0261,0.0128,0.0,0.15,0.638,103.014,4,233.0
Understand,BoyWithUke,74,2022-06-05,76,0.828,0.658,6,-6.19,0,0.14,0.81,1.06e-06,0.277,0.917,103.051,4,172.0
Every Breath You Take,The Police,75,1983-06-17,89,0.82,0.452,1,-9.796,1,0.0348,0.543,0.00294,0.0714,0.74,117.401,4,254.0
Deadman's Gun,Ashtar Command,29,2010-05-18,0,0.497,0.232,0,-13.361,1,0.0284,0.891,0.15,0.133,0.104,138.024,4,255.0
I Really Want to Stay at Your House,Rosa Walton,58,2020-12-18,79,0.49,0.738,3,-7.399,0,0.0367,0.00237,4.58e-06,0.0851,0.126,124.966,4,247.0
Who's Ready for Tomorrow,RAT BOY,51,2020-12-18,71,0.751,0.74,9,-6.016,1,0.045,0.152,5.75e-05,0.0873,0.788,138.066,4,116.0
It Was A Good Day,Ice Cube,75,1992-11-17,86,0.798,0.744,7,-5.328,0,0.136,0.33,0.000106,0.292,0.794,82.356,4,260.0
Tera Rastaa Chhodoon Na,Amitabh Bhattacharya,81,2013-03-07,67,0.419,0.679,4,-8.052,1,0.0384,0.493,0.00229,0.119,0.368,169.911,4,253.0
Ye Tune Kya Kiya,Pritam,87,2013-07-22,70,0.578,0.798,7,-6.01,1,0.0699,0.58,0.0,0.111,0.728,91.96,4,314.0
Alag Aasmaan,Anuv Jain,66,2020-07-31,73,0.699,0.299,6,-12.599,1,0.0403,0.869,0.0,0.0724,0.459,118.969,4,213.0
"Tose Naina (From ""Mickey Virus)",Arijit Singh,89,2016-11-02,67,0.523,0.561,4,-6.474,1,0.0329,0.426,0.0,0.109,0.31,139.885,4,264.0
Kasoor,Prateek Kuhad,60,2020-06-30,72,0.558,0.497,8,-7.175,1,0.0256,0.0285,5.36e-06,0.0799,0.444,107.047,4,198.0
Khaabon Ke Parinday,Alyssa Mendonsa,55,2011-06-06,67,0.517,0.565,9,-10.184,1,0.0441,0.721,0.00689,0.0997,0.69,169.952,4,252.0
Choo Lo,The Local Train,56,2015-09-25,72,0.512,0.695,4,-6.349,1,0.0271,0.0265,0.00815,0.146,0.351,145.957,4,234.0
"Kaise Hua (From ""Kabir Singh"")",Vishal Mishra,71,2019-06-13,76,0.385,0.464,2,-6.975,1,0.0404,0.452,0.0,0.109,0.15,137.839,4,235.0
Safarnama,Lucky Ali,59,2015-10-16,64,0.541,0.512,9,-10.203,1,0.0291,0.74,0.000528,0.162,0.203,120.036,4,251.0
Kana Yaari,Kaifi Khalil,65,2022-01-20,65,0.841,0.536,10,-6.866,0,0.118,0.103,0.0,0.185,0.582,96.013,4,227.0
I'm On Fire,Bruce Springsteen,76,1984-04-06,79,0.62,0.446,1,-14.451,0,0.0347,0.589,0.0299,0.0727,0.868,88.591,4,156.0
HUMBLE.,Kendrick Lamar,89,2017-04-14,87,0.908,0.621,1,-6.638,0,0.102,0.000282,5.39e-05,0.0958,0.421,150.011,4,177.0
Panda,Desiigner,63,2016-06-26,72,0.576,0.766,10,-4.943,0,0.449,0.028,1.68e-06,0.366,0.236,144.833,4,247.0
Toosie Slide,Drake,95,2020-01-05,71,0.83,0.49,1,-8.82,0,0.209,0.289,3.04e-06,0.113,0.845,81.604,4,247.0
Astronaut In The Ocean,Masked Wolf,66,2021-10-09,72,0.778,0.695,4,-6.865,0,0.0913,0.175,0.0,0.15,0.472,149.996,4,133.0
After Dark x Sweater Weather,Ayumi,0,2022-07-10,3,0.483,0.628,8,-10.128,1,0.0645,0.0509,0.0133,0.107,0.0402,139.986,4,289.0
Konoha Peace,Kato,67,2020-11-12,52,0.71,0.464,2,-8.171,1,0.0316,0.345,0.915,0.163,0.436,124.061,4,101.0
Haule Haule,Sukhwinder Singh,68,2008-06-11,75,0.712,0.776,5,-7.424,0,0.213,0.541,2.17e-06,0.0896,0.96,89.934,4,264.0
Abar Elo Je Shondha,Lucky Akandh,5,1990-01-01,21,0.259,0.742,0,-5.011,1,0.0554,0.854,0.536,0.0978,0.632,174.819,4,240.0
Hadal Ahbek Slowed Reverb - Remix,Eduardo XD,41,2019-10-10,54,0.739,0.317,11,-11.39,1,0.0471,0.644,0.438,0.152,0.315,140.499,4,250.0
Ainsi bas la vida,Indila,68,2014-11-17,73,0.776,0.641,8,-6.925,1,0.0981,0.0486,5.77e-06,0.0977,0.437,128.05,4,215.0
Dream On,Aerosmith,76,1973-05-01,32,0.307,0.433,1,-10.057,1,0.029,0.388,9.08e-05,0.332,0.224,160.9,4,267.0
NEON BLADE,MoonDeity,69,2022-01-06,82,0.548,0.996,7,-2.169,1,0.112,0.0284,0.92,0.595,0.893,94.999,4,265.0
Another Love,Tom Odell,76,2013-06-24,93,0.445,0.537,4,-8.532,0,0.04,0.695,1.65e-05,0.0944,0.131,122.769,4,244.0
Vtornik Money Rain (Slowed + Reberb),Zayan,8,2014-01-06,1,0.784,0.866,3,-5.431,0,0.202,0.641,0.805,0.141,0.524,152.843,4,202.0
Money Rain - Phonk Remix,VTORNIK,55,2021-06-14,75,0.936,0.791,6,-3.605,1,0.235,0.355,0.00628,0.168,0.746,102.02,4,151.0
Soco Soco Soco / Cada Hit na Favela É um Terremoto: Funk Tik Tok,MC Renatinho Falcão,55,2021-03-19,58,0.904,0.932,0,-3.445,1,0.0999,0.437,0.131,0.112,0.271,130.043,4,206.0
High Enough - Slowed,K.Flay,64,2021-11-18,62,0.388,0.631,4,-6.328,0,0.0391,0.00939,0.00474,0.372,0.276,112.033,3,201.0
Sing For The Moment,Eminem,90,2002-05-26,81,0.668,0.824,5,-4.164,0,0.137,0.0017,3.05e-06,0.0426,0.185,163.961,4,340.0
Dekha Ek Khwab (Chill Mix),Kishore Kumar,72,2022-03-09,22,0.478,0.518,4,-7.932,1,0.117,0.855,0.0,0.237,0.451,146.891,3,159.0
Swing Lynn,Harmless,59,2012-08-14,77,0.464,0.945,2,-1.815,1,0.0401,0.0506,0.756,0.112,0.453,165.177,4,321.0
Bones,Imagine Dragons,87,2022-11-03,87,0.773,0.742,5,-3.678,0,0.046,0.0206,0.0,0.0754,0.571,114.071,4,165.0
Way for me,Underdog,50,2022-12-16,25,0.463,0.599,2,-12.392,0,0.0399,0.0099,0.0,0.225,0.512,101.848,4,182.0
The Way (Instrumental),Zack Hemsey,49,2011-03-10,51,0.306,0.39,5,-12.084,0,0.041,0.0195,0.857,0.087,0.0693,123.843,4,425.0
Heat Waves,Glass Animals,76,2020-06-29,59,0.761,0.525,11,-6.9,1,0.0944,0.44,6.7e-06,0.0921,0.531,80.87,4,239.0
Thank You - (Acoustic) [Live],Dido,70,2013-04-03,59,0.539,0.407,8,-8.604,0,0.04,0.587,0.0,0.0776,0.614,79.548,4,155.0
Bad Habit,Steve Lacy,81,2022-06-29,86,0.686,0.507,1,-7.097,1,0.0357,0.626,7.51e-05,0.383,0.69,168.955,4,232.0
Distant Dreamer,Duffy,58,2008-01-01,50,0.399,0.604,2,-4.325,1,0.0288,0.00426,0.00126,0.386,0.146,94.962,4,306.0
Lay All Your Love On Me,ABBA,80,1980-01-01,79,0.678,0.727,2,-7.844,0,0.0258,0.117,0.00396,0.354,0.71,133.481,4,274.0
Calm Down,Rema,80,2022-10-02,84,0.811,0.781,11,-6.333,1,0.0428,0.376,0.001,0.121,0.824,107.007,4,220.0
snowfall (Slowed + Reverb),Øneheart,74,2022-01-04,77,0.397,0.0521,9,-29.745,1,0.0313,0.932,0.874,0.229,0.101,77.982,4,151.0
Montagem Orquestra Sinfonica (Speed Up),DJ TENEBROSO ORIGINAL,57,2022-12-12,65,0.589,0.952,8,-1.836,0,0.231,0.377,0.2,0.227,0.333,112.383,4,214.0
Mary On A Cross,Ghost,75,2019-09-13,84,0.466,0.9,11,-4.469,1,0.0447,0.000235,0.00104,0.103,0.561,130.02,4,245.0
My Beloved Monster,Eels,55,1996-01-01,56,0.479,0.285,9,-12.805,1,0.0314,0.261,0.431,0.651,0.462,97.661,4,132.0
Baarishein,Anuv Jain,66,2018-12-01,81,0.475,0.124,2,-9.463,1,0.0444,0.926,0.0,0.0972,0.19,94.42,4,207.0
Bubble Gum,Clairo,76,2019-02-22,80,0.509,0.0167,9,-24.639,1,0.115,0.979,2.72e-05,0.387,0.229,207.97,3,176.0
Sour Diesel,ZAYN,75,2018-12-14,53,0.664,0.808,4,-4.31,0,0.0397,0.00285,0.00869,0.096,0.593,94.979,4,244.0
Peter Pan (feat. Liilz),Prinz,60,2022-09-09,69,0.816,0.487,4,-8.059,0,0.314,0.168,0.0,0.176,0.479,141.015,4,140.0
METAMORPHOSIS,INTERWORLD,74,2021-11-25,90,0.593,0.641,7,-12.727,0,0.0992,0.426,0.901,0.122,0.147,175.014,4,143.0
Somewhere Only We Know,Keane,73,2004-01-01,79,0.453,0.655,9,-4.22,1,0.0259,0.0794,7.61e-06,0.0849,0.368,172.012,4,236.0
Just the Two of Us (feat. Bill Withers),"Grover Washington, Jr.",62,1985-01-01,78,0.749,0.497,10,-12.609,0,0.105,0.41,0.0499,0.0504,0.585,95.818,4,438.0
renegade x under the influence x i was never there - Speed Up Remix,AA Records,38,2023-01-26,46,0.283,0.538,11,-13.333,0,0.0797,0.253,0.252,0.538,0.196,119.774,4,456.0
Who Is She x The Perfect Girl - Remix,Xanemusic,67,2022-11-25,50,0.477,0.866,8,-5.393,0,0.0793,0.00241,0.497,0.343,0.215,122.496,4,209.0
I Was Never There,The Weeknd,95,2018-03-30,90,0.323,0.737,10,-4.008,1,0.0338,0.142,0.000162,0.163,0.155,113.26,4,241.0
WASTE,Kxllswxtch,69,2021-10-29,83,0.627,0.123,7,-14.411,1,0.0316,0.859,0.00105,0.149,0.11,131.883,4,120.0
Reminder,The Weeknd,95,2016-11-25,90,0.706,0.505,8,-6.923,1,0.193,0.142,0.0,0.164,0.388,160.053,4,219.0
The Less I Know The Better,Tame Impala,80,2015-07-17,88,0.64,0.74,4,-4.083,1,0.0284,0.0115,0.00678,0.167,0.785,116.879,4,216.0
Heartless,The Weeknd,95,2020-03-20,87,0.537,0.746,10,-5.507,0,0.15,0.0236,1.01e-06,0.156,0.252,170.062,4,198.0
Disaster,KSLV Noh,66,2021-06-21,44,0.824,0.613,0,-6.043,1,0.094,0.0158,0.348,0.159,0.511,117.051,4,84.0
Call Me - Slowed,plenka,59,2021-06-10,22,0.734,0.83,9,-6.478,0,0.0348,0.002,0.831,0.135,0.338,110.75,4,160.0
No Surprises,Radiohead,80,1997-05-28,85,0.255,0.393,5,-10.654,1,0.0278,0.0577,0.00361,0.113,0.118,76.426,4,229.0
The Beach (Instrumental),mxpheebz,52,2022-09-15,68,0.672,0.215,2,-17.352,0,0.0353,0.834,0.921,0.0915,0.137,136.001,4,230.0
Freaks,Surf Curse,68,2021-05-15,87,0.345,0.941,9,-9.918,1,0.0466,3.84e-05,0.633,0.0511,0.407,179.626,4,147.0
Gaichite,Misha Xramovi,52,2020-01-05,72,0.894,0.487,7,-8.106,1,0.129,0.354,0.0158,0.109,0.229,82.003,4,164.0
